,cluster1,cluster2,cluster3,cluster4,cluster5,cluster6,cluster7,cluster8,cluster9,cluster10,
num_topics=10_no_above=07_k=8,1= 0.04288289748640692 2= 0.018951249853669097 3= 0.05050266851881183 4= 0.05311912052271107 5= 0.03976301707244316 6= 0.030207366264920987 7= 0.057482097627371984 8= 0.020424599652917923 9= 0.6167691711097689 10= 0.06625277958914047 ,1= 0.06073948224701999 2= 0.007150987319899146 3= 0.055547303820136375 4= 0.06610995186761463 5= 0.0741644130142117 6= 0.5096466226789796 7= 0.04159700979765192 8= 0.03601103184225321 9= 0.08323437986949168 10= 0.06236635367027875 ,1= 0.013161890308863378 2= 0.5612058488912475 3= 0.02030373176419613 4= 0.052219220006497966 5= 0.0671347138942569 6= 0.03539099630409025 7= 0.08087092456758325 8= 0.015379394214319896 9= 0.09326453571037575 10= 0.0579500950732698 ,1= 0.04009139901692313 2= 0.008199615756582044 3= 0.018799904537653372 4= 0.053690335274275004 5= 0.0501367895664378 6= 0.08765965835191315 7= 0.048155170818790505 8= 0.05241740173327607 9= 0.061588913421812 10= 0.5758645443511878 ,1= 0.009470683949532079 2= 0.007895752920110386 3= 0.00874472177208295 4= 0.053799647959354276 5= 0.09183196691435408 6= 0.028657528498162346 7= 0.6804838767164799 8= 0.02773717857838388 9= 0.05409358029912706 10= 0.033391494532170746 ,1= 0.09877916461800654 2= 0.006454993131249087 3= 0.4615486933862275 4= 0.053642715640666874 5= 0.058518054611111925 6= 0.07031329779681064 7= 0.039592367354696636 8= 0.04032409006537607 9= 0.13332738561948315 10= 0.03416834670565849 ,1= 0.010905201715328338 2= 0.013812835258080854 3= 0.03619317246142356 4= 0.5340979405533729 5= 0.07178790380607272 6= 0.04721745773775492 7= 0.08588862994301986 8= 0.027756235173823807 9= 0.11110809588589556 10= 0.05804859605341747 ,1= 0.01575039403931225 2= 0.012002261959928782 3= 0.023974143519845774 4= 0.061126811570507034 5= 0.5246432463125327 6= 0.04458263803425503 7= 0.15850747296472598 8= 0.04572632151598837 9= 0.05112812487902696 10= 0.059046488243858705 ,